date	state	new_confirmed	new_deceased	new_recovered	new_tested	total_confirmed	total_deceased	total_recovered	total_tested
2020-01-20	CA	1	0	0	0	5	0	0	0
2020-01-20	WA	0	0	0	0	7	0	0	12
2020-01-20	IL	0	0	0	0	4	0	0	0
2020-01-20	AZ	0	0	0	0	2	0	0	0
2020-01-27	MA	0	0	0	0	3	0	0	0
2020-01-27	WA	0	0	0	5	7	0	0	28
2020-01-27	IL	1	0	0	0	12	0	0	0
2020-01-27	CA	4	0	0	0	24	0	0	0
2020-01-27	AZ	0	0	0	0	7	0	0	0
2020-02-03	MA	0	0	0	0	7	0	0	0
2020-02-03	IL	0	0	0	0	14	0	0	0
2020-02-03	WI	0	0	0	0	6	0	0	0
2020-02-03	WA	0	0	0	9	7	0	0	81
2020-02-03	CA	1	0	0	0	43	0	0	0
2020-02-03	AZ	0	0	0	0	7	0	0	0
2020-02-10	WI	0	0	0	0	7	0	0	0
2020-02-10	NE	0	0	0	0	10	0	0	0
2020-02-10	TX	1	0	0	0	11	0	0	0
2020-02-10	AZ	0	0	0	0	7	0	0	0
2020-02-10	IL	0	0	0	0	14	0	0	0
2020-02-10	WA	0	0	0	34	7	0	0	187
2020-02-10	MA	0	0	0	0	7	0	0	0
2020-02-10	CA	0	0	0	0	49	0	0	0
2020-02-17	NE	2	0	0	0	76	0	0	0
2020-02-17	MA	0	0	0	0	7	0	0	0
2020-02-17	IL	0	0	0	0	14	0	0	0
2020-02-17	CA	4	0	0	0	60	0	0	0
2020-02-17	TX	8	0	0	0	28	0	0	0
2020-02-17	AZ	0	0	0	0	7	0	0	0
2020-02-17	WI	0	0	0	0	7	0	0	0
2020-02-17	WA	4	0	0	98	11	0	0	679
2020-02-24	WI	0	0	0	0	7	0	0	0
2020-02-24	IL	2	0	0	0	18	0	0	0
2020-02-24	GA	0	0	0	0	2	0	0	0
2020-02-24	FL	0	0	0	0	4	0	0	0
2020-02-24	CA	27	0	0	0	189	0	0	0
2020-02-24	MA	1	0	0	0	8	0	0	0
2020-02-24	MI	9	0	0	9	27	0	0	27
2020-02-24	AZ	0	0	0	0	7	0	0	0
2020-02-24	AK	0	0	0	4	0	0	0	4
2020-02-24	WA	18	6	0	425	72	10	0	2175
2020-02-24	UT	0	0	0	0	7	0	0	0
2020-02-24	OR	1	0	0	0	6	0	0	0
2020-02-24	TX	1	0	0	0	74	0	0	0
2020-02-24	NY	0	0	0	0	2	0	0	0
2020-02-24	RI	0	0	0	1	4	0	0	9
2020-02-24	NH	0	0	0	0	1	0	0	0
2020-02-24	NE	1	0	0	0	91	0	0	0
2020-03-02	WA	156	16	0	3256	670	101	0	14165
2020-03-02	PA	8	0	0	8	22	0	0	22
2020-03-02	OR	11	0	0	181	40	0	0	728
2020-03-02	DE	0	0	0	5	2	0	0	47
2020-03-02	GA	15	0	0	10	44	0	0	31
2020-03-02	WV	0	0	0	0	0	0	0	20
2020-03-02	HI	1	0	0	1	6	0	0	4
2020-03-02	FL	12	2	0	231	56	8	0	984
2020-03-02	DC	2	0	0	10	8	0	0	55
2020-03-02	CO	10	0	0	102	38	0	0	504
2020-03-02	WY	0	0	0	0	0	0	0	0
2020-03-02	CA	134	2	0	289	632	7	0	3437
2020-03-02	RI	1	0	0	87	18	0	0	305
2020-03-02	SC	5	0	0	26	17	0	0	66
2020-03-02	SD	0	0	0	0	0	0	0	15
2020-03-02	TN	3	0	0	2	10	0	0	9
2020-03-02	TX	13	0	0	11	124	0	0	35
2020-03-02	VA	4	0	0	29	8	0	0	184
2020-03-02	UT	2	0	0	0	15	0	0	3
2020-03-02	CT	2	0	0	47	3	0	0	85
2020-03-02	IA	5	0	0	20	11	0	0	88
2020-03-02	OK	0	0	0	18	4	0	0	31
2020-03-02	OH	3	0	0	9	3	0	0	67
2020-03-02	MO	0	0	0	1	3	0	0	2
2020-03-02	MN	1	0	0	48	6	0	0	222
2020-03-02	MS	0	0	0	0	0	0	0	0
2020-03-02	ME	0	0	0	0	0	0	0	3
2020-03-02	MD	3	0	0	47	20	0	0	249
2020-03-02	MT	0	0	0	0	0	0	0	33
2020-03-02	NC	6	0	0	1	16	0	0	10
2020-03-02	ND	0	0	0	0	0	0	0	0
2020-03-02	NE	3	0	0	26	99	0	0	138
2020-03-02	NH	3	0	0	28	20	0	0	185
2020-03-02	LA	1	0	0	6	1	0	0	11
2020-03-02	NJ	10	0	0	59	28	0	0	104
2020-03-02	VT	1	0	0	37	3	0	0	94
2020-03-02	NM	0	0	0	41	0	0	0	169
2020-03-02	KY	4	0	0	11	11	0	0	55
2020-03-02	WI	1	0	0	11	8	0	0	221
2020-03-02	KS	0	0	0	8	3	0	0	41
2020-03-02	IN	3	0	0	1	8	0	0	6
2020-03-02	IL	7	0	0	87	43	0	0	1296
2020-03-02	NV	2	0	0	0	14	0	0	75
2020-03-02	NY	141	0	0	156	416	0	0	1396
2020-03-02	ID	0	0	0	14	0	0	0	95
2020-03-02	MA	39	0	0	0	97	0	0	0
2020-03-02	MI	236	0	0	283	806	0	0	940
2020-03-02	AL	0	0	0	0	0	0	0	0
2020-03-02	AR	0	0	0	6	0	0	0	30
2020-03-02	AK	0	0	0	43	0	0	0	187
2020-03-02	AZ	5	0	0	22	25	0	0	289
2020-03-09	CO	149	2	0	616	578	9	0	3600
2020-03-09	MA	156	0	0	1288	917	0	0	2013
2020-03-09	WY	9	0	0	3	20	0	0	10
2020-03-09	DE	9	0	0	108	42	0	0	459
2020-03-09	IA	14	0	0	68	122	0	0	676
2020-03-09	MD	33	0	0	53	151	0	0	791
2020-03-09	SC	26	1	0	232	124	1	0	776
2020-03-09	MS	11	0	0	289	36	0	0	580
2020-03-09	ID	4	0	0	229	16	0	0	957
2020-03-09	NY	808	10	0	5259	3429	18	0	18149
2020-03-09	RI	18	0	0	534	96	0	0	2206
2020-03-09	MP	0	0	0	0	0	0	0	0
2020-03-09	SD	5	0	0	499	58	7	0	1210
2020-03-09	NV	41	1	0	198	133	1	0	1296
2020-03-09	IN	20	1	0	137	99	1	0	565
2020-03-09	NM	20	0	0	526	71	0	0	1844
2020-03-09	DC	18	0	0	69	89	0	0	524
2020-03-09	OR	33	1	0	569	215	3	0	3558
2020-03-09	WV	0	0	0	79	0	0	0	193
2020-03-09	MN	52	0	0	1933	141	0	0	5804
2020-03-09	OK	9	0	0	194	31	0	0	604
2020-03-09	MO	8	0	0	169	27	0	0	531
2020-03-09	AR	21	0	0	156	61	0	0	572
2020-03-09	VI	1	0	0	0	4	0	0	1
2020-03-09	NE	17	0	0	140	184	0	0	828
2020-03-09	MI	156	0	0	1934	181	0	0	8290
2020-03-09	CT	39	0	0	104	109	0	0	762
2020-03-09	OH	47	0	0	532	138	0	0	1688
2020-03-09	ME	17	0	0	780	35	0	0	1272
2020-03-09	PR	2	0	0	0	17	0	0	14
2020-03-09	PA	71	0	0	736	287	0	0	2299
2020-03-09	WA	615	26	0	20962	3625	252	0	103909
2020-03-09	GU	0	0	0	0	6	0	0	26
2020-03-09	TN	48	0	0	319	182	0	0	983
2020-03-09	ND	0	0	0	124	6	0	0	393
2020-03-09	NH	13	0	0	332	60	0	0	1344
2020-03-09	UT	37	0	0	169	113	0	0	742
2020-03-09	AK	3	1	0	301	7	1	0	1230
2020-03-09	IL	93	0	0	783	386	0	0	3614
2020-03-09	AS	0	0	0	0	0	0	0	0
2020-03-09	GA	101	1	0	109	405	5	0	398
2020-03-09	TX	63	1	0	45	399	1	0	260
2020-03-09	KS	10	1	0	165	41	5	0	644
2020-03-09	FL	127	2	0	1066	485	18	0	5464
2020-03-09	AZ	12	0	0	150	76	0	0	1014
2020-03-09	VT	11	0	0	467	32	0	0	1781
2020-03-09	NC	27	0	0	478	140	0	0	1237
2020-03-09	VA	46	1	0	439	203	3	0	1455
2020-03-09	CA	416	9	0	7512	2400	38	0	14825
2020-03-09	HI	8	0	0	5	29	0	0	19
2020-03-09	NJ	165	3	0	258	466	11	0	1328
2020-03-09	LA	136	3	0	297	386	6	0	888
2020-03-09	AL	24	0	0	96	70	0	0	288
2020-03-09	KY	17	1	0	234	97	1	0	833
2020-03-09	MT	5	0	0	194	25	0	0	607
2020-03-09	WI	45	0	0	523	143	0	0	1471
2020-03-16	NJ	2668	24	0	2979	8420	91	0	10637
2020-03-16	ND	31	0	0	1259	148	0	0	5665
2020-03-16	NM	62	0	0	4803	334	0	0	24230
2020-03-16	DC	115	2	0	1208	569	6	17	5137
2020-03-16	AL	167	0	0	1736	758	0	0	3929
2020-03-16	MS	237	1	0	1103	781	5	0	5827
2020-03-16	WA	1307	62	0	27522	10166	582	0	289542
2020-03-16	WV	15	0	0	380	60	0	0	1813
2020-03-16	OK	71	2	0	664	341	7	0	5056
2020-03-16	NH	84	1	0	1962	408	1	0	10148
2020-03-16	VT	63	2	0	1017	260	10	0	6984
2020-03-16	NY	19949	173	0	72796	61494	577	0	261641
2020-03-16	MP	0	0	0	0	0	0	0	0
2020-03-16	MO	174	4	0	382	551	15	0	2682
2020-03-16	OH	394	6	0	31	1488	13	0	2463
2020-03-16	DE	95	0	0	962	354	0	0	4130
2020-03-16	GA	682	24	0	4948	3071	98	0	18024
2020-03-16	FL	1081	14	0	11755	4520	72	0	41965
2020-03-16	MT	37	0	0	975	166	0	0	6063
2020-03-16	NV	220	3	0	3522	1021	13	0	13149
2020-03-16	GU	26	1	0	164	108	2	0	758
2020-03-16	IN	240	11	0	1821	802	38	0	5573
2020-03-16	NC	268	0	0	7958	1111	0	0	28254
2020-03-16	PA	563	6	0	6493	2232	14	0	23749
2020-03-16	SD	18	0	0	551	113	7	0	6469
2020-03-16	CO	560	8	0	4678	2828	39	0	21962
2020-03-16	WY	18	0	0	615	150	0	0	2478
2020-03-16	HI	67	0	0	3004	274	0	0	3859
2020-03-16	ID	45	0	0	1086	213	0	0	5388
2020-03-16	LA	1035	31	0	5645	4177	102	0	15050
2020-03-16	TN	470	2	0	3565	1821	6	0	13451
2020-03-16	KY	102	2	0	1611	482	15	0	6030
2020-03-16	VA	203	5	0	3208	979	23	0	16378
2020-03-16	WI	371	5	0	6956	1630	18	0	27989
2020-03-16	CA	1652	28	0	18084	9610	176	0	90022
2020-03-16	KS	71	1	0	322	328	10	0	3194
2020-03-16	AZ	216	2	0	374	656	6	0	2799
2020-03-16	TX	641	6	0	9998	2820	31	0	36140
2020-03-16	AS	0	0	0	0	0	0	0	0
2020-03-16	AK	39	0	0	1389	153	7	0	6392
2020-03-16	UT	217	1	0	4877	885	2	0	15345
2020-03-16	IL	1181	12	0	8831	4531	38	0	35395
2020-03-16	MA	580	9	0	7645	3163	17	0	31467
2020-03-16	AR	179	0	0	912	701	0	0	4612
2020-03-16	NE	40	0	0	218	375	0	0	2200
2020-03-16	VI	15	0	0	16	54	0	0	39
2020-03-16	MD	251	3	0	251	1130	13	0	1778
2020-03-16	SC	266	4	0	1501	979	17	0	7376
2020-03-16	MI	1270	16	0	12674	4171	39	0	65765
2020-03-16	CT	374	10	0	4349	1482	32	0	11757
2020-03-16	ME	90	0	0	2117	450	0	0	15014
2020-03-16	OR	145	4	0	3040	830	25	0	16293
2020-03-16	MN	181	1	0	2886	885	3	0	26799
2020-03-16	RI	85	0	0	1432	399	0	0	10221
2020-03-16	IA	83	0	0	2043	419	0	0	5596
2020-03-16	PR	26	2	0	241	105	4	0	1114
2020-03-23	GA	2232	78	0	7655	14481	470	0	66793
2020-03-23	WI	851	15	0	9762	6219	92	0	97486
2020-03-23	GU	31	0	0	220	341	7	21	2315
2020-03-23	NC	1001	6	0	12426	5823	22	0	104410
2020-03-23	MN	341	9	122	15431	2819	32	755	102806
2020-03-23	HI	127	0	0	4989	941	0	0	36505
2020-03-23	IL	3785	72	0	20590	22208	305	0	147550
2020-03-23	IN	1533	32	0	9698	7066	213	0	47769
2020-03-23	ND	77	3	4	2454	507	6	68	18026
2020-03-23	AS	0	0	0	0	0	0	0	0
2020-03-23	MI	5184	181	0	25717	27244	664	0	194059
2020-03-23	ME	168	3	34	771	1322	8	165	24497
2020-03-23	MT	132	4	0	3134	812	7	0	20583
2020-03-23	MO	866	9	0	13683	4605	66	0	40726
2020-03-23	KY	356	8	0	4152	2218	50	0	28906
2020-03-23	MS	599	15	0	2444	4037	63	0	20107
2020-03-23	ID	365	7	0	3350	1604	25	0	21502
2020-03-23	LA	2852	152	0	28085	19112	789	0	146507
2020-03-23	IA	319	6	8	4438	1744	19	88	28502
2020-03-23	WV	129	1	0	2646	644	2	0	12794
2020-03-23	AR	307	7	18	4655	2639	28	124	19177
2020-03-23	MD	1125	12	0	14347	5868	53	25	43332
2020-03-23	MP	2	0	0	2	6	0	0	6
2020-03-23	MA	4975	47	0	33878	23618	234	0	203614
2020-03-23	KS	292	7	0	4423	1601	35	0	24505
2020-03-23	WA	3079	111	0	28649	26420	1207	0	489236
2020-03-23	NH	213	2	0	3503	1376	13	0	28686
2020-03-23	PA	3512	42	0	30625	16321	182	0	162500
2020-03-23	NM	199	4	24	5793	1269	11	28	60693
2020-03-23	OR	416	11	0	9043	2842	83	0	59803
2020-03-23	SD	72	0	18	2524	433	7	126	16282
2020-03-23	NV	779	14	0	7480	4578	83	0	49504
2020-03-23	WY	68	0	17	1316	485	0	98	9254
2020-03-23	CO	1907	41	0	9928	12169	227	0	72427
2020-03-23	NY	46605	1329	2159	108179	323429	5419	12547	977368
2020-03-23	TN	1199	11	0	19417	8298	40	0	116196
2020-03-23	SC	626	13	0	3321	4126	87	0	22384
2020-03-23	RI	302	4	0	1683	1565	9	0	20664
2020-03-23	DC	358	7	104	2425	2223	35	431	17805
2020-03-23	OK	400	15	0	811	2127	71	0	9301
2020-03-23	PR	143	4	0	1644	634	23	0	7810
2020-03-23	CT	2156	26	0	10100	9884	182	0	61135
2020-03-23	NE	112	3	0	2328	799	9	0	12709
2020-03-23	VI	13	0	0	163	142	0	0	787
2020-03-23	OH	1489	34	0	26693	8286	151	0	121291
2020-03-23	VA	766	20	0	8341	4537	109	0	55179
2020-03-23	DE	232	11	5	2262	1565	41	40	16694
2020-03-23	VT	181	10	0	2490	1262	70	0	20850
2020-03-23	AK	86	5	0	3033	633	28	0	23140
2020-03-23	TX	2303	32	0	25825	12588	164	38	156651
2020-03-23	AL	751	11	0	4721	4302	28	0	30426
2020-03-23	AZ	935	18	0	16179	4773	88	0	49676
2020-03-23	NJ	13792	172	0	38563	64924	796	0	180780
2020-03-23	FL	4473	54	0	40604	23790	306	0	229986
2020-03-23	CA	5181	108	0	64996	34110	708	0	522620
2020-03-23	UT	549	3	0	10956	3660	13	0	70922
2020-03-30	PA	8919	122	0	45990	61018	812	0	439204
2020-03-30	IN	3189	127	0	14533	24664	811	0	130511
2020-03-30	ME	224	7	117	2918	2880	58	809	45496
2020-03-30	TX	4399	102	0	49477	37429	625	266	417338
2020-03-30	CT	4335	170	0	12086	33281	958	0	143057
2020-03-30	UT	856	9	0	17391	8930	55	0	177486
2020-03-30	IA	522	19	261	5013	4960	96	1045	66039
2020-03-30	MD	2630	77	159	14888	19515	343	742	164221
2020-03-30	IL	7192	225	0	32496	63464	1470	0	342819
2020-03-30	RI	674	23	0	6224	5232	113	245	45574
2020-03-30	PR	339	15	0	3046	2659	105	0	25119
2020-03-30	SC	1307	30	0	13891	11828	245	0	82281
2020-03-30	AS	0	0	0	5	0	0	0	35
2020-03-30	CO	2544	99	0	10409	28942	771	0	143013
2020-03-30	WI	1171	63	0	12162	13368	361	0	170184
2020-03-30	WY	117	0	28	1995	1182	0	276	20209
2020-03-30	AR	419	9	73	7110	5132	88	462	67099
2020-03-30	LA	10843	326	0	35133	71493	2596	0	377463
2020-03-30	AK	85	1	0	2725	1210	45	0	44394
2020-03-30	KS	480	16	0	4162	4428	123	0	49887
2020-03-30	SD	188	3	57	2441	1328	14	472	33752
2020-03-30	ID	755	6	0	6289	6444	70	0	57666
2020-03-30	VA	1857	28	0	12483	14398	267	0	135083
2020-03-30	CA	8940	239	0	41035	87558	1985	0	751945
2020-03-30	KY	577	41	0	12749	5787	242	0	86072
2020-03-30	TN	2032	52	235	24046	21194	268	1793	266303
2020-03-30	MA	8085	204	0	33640	71799	1264	0	435601
2020-03-30	MI	10621	530	0	32421	87368	3380	224	416088
2020-03-30	AL	1058	42	0	8212	10389	254	0	72104
2020-03-30	DE	529	9	62	4201	4317	108	404	40559
2020-03-30	NJ	24454	806	0	47172	209155	4577	0	471582
2020-03-30	WV	202	3	0	6830	1766	16	0	47042
2020-03-30	NM	404	8	104	7957	3430	63	314	106152
2020-03-30	MT	142	2	0	2476	1818	38	0	39802
2020-03-30	VT	287	11	0	2725	2857	128	105	37752
2020-03-30	GU	206	3	18	208	1346	24	110	3778
2020-03-30	NV	927	40	0	6414	11008	289	0	103793
2020-03-30	MP	6	1	0	29	48	6	0	165
2020-03-30	NC	1567	36	0	19862	14926	170	0	229170
2020-03-30	GA	4526	191	0	18550	40957	1375	0	170129
2020-03-30	NY	65885	4637	9162	134343	731061	27042	63468	1832263
2020-03-30	NH	401	6	91	2627	3806	46	685	50271
2020-03-30	FL	7926	181	0	70718	71271	1165	0	643330
2020-03-30	MO	1673	43	0	15600	14257	252	0	156510
2020-03-30	OH	2517	102	0	21103	23194	655	0	266028
2020-03-30	AZ	1297	47	0	15775	12834	313	0	174915
2020-03-30	MS	890	35	0	16534	9376	226	0	55476
2020-03-30	DC	716	13	197	4064	6204	127	1619	43600
2020-03-30	OR	525	13	0	8918	6353	162	0	121176
2020-03-30	VI	14	1	15	105	263	1	200	1649
2020-03-30	WA	3205	162	0	28886	48304	2086	0	688811
2020-03-30	NE	253	7	0	4061	2172	47	0	33933
2020-03-30	MN	410	20	197	10150	5635	152	1278	183359
2020-03-30	OK	845	34	139	1061	6889	264	905	16131
2020-03-30	ND	116	0	55	3376	1223	21	362	39735
2020-03-30	HI	181	5	36	5526	2185	19	493	77318
2020-04-06	UT	706	5	0	12393	14561	110	218	282465
2020-04-06	MT	75	1	36	2308	2528	43	966	57132
2020-04-06	KS	530	38	0	4780	8259	334	0	81346
2020-04-06	AL	1800	51	0	14417	21191	579	0	147905
2020-04-06	WI	988	72	0	11682	21269	889	0	256231
2020-04-06	VT	205	4	0	3300	4673	170	105	59308
2020-04-06	NE	432	9	0	4177	4694	114	0	64904
2020-04-06	NH	305	14	92	2861	6173	143	1532	70818
2020-04-06	TX	6633	147	2231	47869	79466	1568	8443	785051
2020-04-06	IN	3314	243	0	18348	48674	2310	0	253049
2020-04-06	TN	1730	49	1315	28845	33115	682	7685	445840
2020-04-06	NC	1918	49	0	22662	27818	526	0	375443
2020-04-06	AK	72	2	56	2507	1798	62	379	62376
2020-04-06	ND	106	6	53	3568	1967	44	753	66064
2020-04-06	MI	8361	876	391	26718	156933	8646	1699	623050
2020-04-06	KY	991	54	143	7099	11771	611	1999	162369
2020-04-06	OR	452	24	0	9320	9670	319	0	186928
2020-04-06	ME	199	9	115	5719	4149	116	1606	52285
2020-04-06	VI	7	0	7	90	345	7	286	2429
2020-04-06	OK	743	47	343	20110	12377	601	5369	137358
2020-04-06	PA	11220	393	0	45938	138527	2936	0	783272
2020-04-06	MN	664	40	332	10194	9498	384	4681	257197
2020-04-06	PR	390	24	0	3206	5189	250	0	49302
2020-04-06	OH	2525	132	0	16734	41155	1578	0	407563
2020-04-06	MD	4891	170	419	22134	47908	1244	2916	304819
2020-04-06	RI	1894	46	100	12795	14411	349	345	122906
2020-04-06	MS	1204	47	0	10614	17012	571	0	156846
2020-04-06	NY	64584	6849	10521	157546	1200228	70924	139288	2895583
2020-04-06	SC	1207	39	0	12449	20791	502	0	196807
2020-04-06	NV	1065	56	0	7835	18097	646	0	157387
2020-04-06	MP	3	1	0	16	74	14	0	305
2020-04-06	AR	548	14	289	7959	8405	163	2048	119343
2020-04-06	LA	6149	372	0	38925	132475	5221	0	644311
2020-04-06	NM	659	19	165	11379	7502	142	1487	181280
2020-04-06	WA	2162	142	0	26365	68466	3312	0	886399
2020-04-06	SD	579	2	116	2982	3918	42	1175	53373
2020-04-06	VA	2869	95	0	17353	31621	779	0	249819
2020-04-06	NJ	23494	1438	0	40437	382053	13344	682	792502
2020-04-06	MA	13030	584	0	45835	147109	4177	0	714365
2020-04-06	AZ	1236	55	0	10813	22067	694	0	268837
2020-04-06	MO	1666	80	0	15593	26274	733	0	279113
2020-04-06	WY	160	1	86	2035	2154	1	727	34090
2020-04-06	HI	117	4	225	5318	3227	50	1460	114934
2020-04-06	GA	5567	185	0	25747	79593	2904	0	322921
2020-04-06	DE	981	27	142	4572	10219	234	1233	73323
2020-04-06	DC	847	45	200	3461	12289	313	3145	69259
2020-04-06	GU	453	2	33	285	3918	32	306	5405
2020-04-06	IL	9763	491	0	42826	124993	4198	0	610834
2020-04-06	CO	2519	158	0	11761	45683	1723	0	221881
2020-04-06	ID	329	20	0	3886	9627	170	0	91722
2020-04-06	CT	6475	396	0	17623	73810	3090	0	253222
2020-04-06	WV	291	5	22	6715	3803	41	294	101386
2020-04-06	CA	7973	339	0	71651	148218	4128	0	1254585
2020-04-06	IA	764	19	457	7097	9658	230	3754	111030
2020-04-06	AS	0	0	0	-2	0	0	0	33
2020-04-06	FL	7390	245	0	73580	125052	2808	0	1158609
2020-04-13	ID	237	15	195	2564	11465	301	1948	115239
2020-04-13	TN	1511	42	1904	24494	44460	1001	20121	620422
2020-04-13	HI	76	1	104	5331	3837	65	2595	151768
2020-04-13	NY	53635	5414	15198	155504	1620450	114426	229924	3996905
2020-04-13	MI	6439	863	2790	32122	207809	15168	11861	829311
2020-04-13	NC	1976	96	0	16096	40834	1088	0	511231
2020-04-13	KY	1002	49	567	6706	18173	959	6427	207844
2020-04-13	WA	1708	136	0	25566	80145	4249	0	1062558
2020-04-13	NV	794	49	0	6883	24360	1036	0	207225
2020-04-13	CA	9528	498	0	86418	206640	7229	0	1808974
2020-04-13	AK	44	0	76	3403	2185	63	903	82842
2020-04-13	AS	0	0	0	17	0	0	0	140
2020-04-13	LA	3507	444	0	28020	161150	8376	0	908381
2020-04-13	MT	39	5	72	1953	2932	61	1577	71515
2020-04-13	OH	5944	235	0	25727	67335	2923	0	549498
2020-04-13	MD	4814	320	314	19646	81081	3332	5288	435006
2020-04-13	IA	1465	35	494	7124	16970	449	7144	154538
2020-04-13	CT	6434	729	0	18497	116764	7090	0	381049
2020-04-13	MO	1419	65	0	10585	36966	1260	0	363036
2020-04-13	SC	1000	37	-570	9055	28288	792	7329	259415
2020-04-13	PA	9710	803	0	33160	209569	7347	0	1035829
2020-04-13	CO	2415	140	0	8661	63212	2725	0	294793
2020-04-13	OR	372	22	0	8924	12527	468	0	253639
2020-04-13	VI	3	2	5	250	366	16	322	3444
2020-04-13	GU	92	0	54	221	5481	42	656	7272
2020-04-13	MP	3	0	2	18	95	14	29	385
2020-04-13	MA	12776	965	0	55168	238756	9789	0	1063307
2020-04-13	SD	818	1	502	3324	9738	47	3327	76818
2020-04-13	OK	611	45	749	12787	17118	921	9450	228754
2020-04-13	AR	496	12	358	5749	11941	259	4230	164037
2020-04-13	VA	3243	151	603	15329	52636	1630	7353	349226
2020-04-13	MN	820	73	287	9365	14526	769	6646	324162
2020-04-13	DC	1040	45	118	3655	18507	643	4151	92340
2020-04-13	MS	1570	71	0	20450	26624	982	0	282292
2020-04-13	GA	5322	288	0	27307	113878	4477	0	503977
2020-04-13	WY	53	1	95	1422	2819	13	1231	46336
2020-04-13	IN	3484	252	0	20100	71297	4073	0	382967
2020-04-13	NE	776	14	0	4708	8701	180	0	92416
2020-04-13	AZ	1362	69	906	11153	31221	1159	4321	344569
2020-04-13	IL	9483	559	0	42590	192174	7992	0	909377
2020-04-13	DE	1168	42	282	3597	17323	486	2816	98534
2020-04-13	AL	1273	60	0	16718	31874	996	0	275583
2020-04-13	NM	626	27	192	6527	11813	333	2684	241989
2020-04-13	VT	68	10	0	2455	5489	234	105	80402
2020-04-13	WI	1071	76	0	11071	28240	1423	0	331953
2020-04-13	ME	177	16	141	2645	5716	201	2471	101780
2020-04-13	PR	349	-3	0	3482	7591	353	0	71869
2020-04-13	KS	646	38	0	4897	12017	590	0	116405
2020-04-13	UT	845	10	558	22524	19695	163	3256	391349
2020-04-13	FL	6039	324	0	69333	171063	4917	0	1647108
2020-04-13	TX	5552	208	3437	57168	120583	2928	29443	1175703
2020-04-13	NJ	24222	1934	0	48588	549165	25968	0	1104355
2020-04-13	RI	2114	82	132	13708	29082	832	1409	214109
2020-04-13	ND	296	4	62	3966	3278	68	1176	87619
2020-04-13	WV	270	17	205	5500	5560	115	1614	133307
2020-04-13	NH	427	19	282	3084	8909	251	2936	90273
2020-04-20	OR	398	17	0	11153	15283	595	0	319320
2020-04-20	AR	1098	9	238	13904	19042	328	6439	242301
2020-04-20	MI	6528	940	5105	53794	252552	21565	37974	1145216
2020-04-20	IN	4353	266	0	19837	97724	5914	0	530285
2020-04-20	OK	600	54	553	17525	21564	1286	13705	341832
2020-04-20	SD	561	4	607	4049	14215	68	7811	103395
2020-04-20	MO	1364	95	0	15093	46018	1830	0	448005
2020-04-20	VA	4545	158	519	24018	81356	2804	11529	487801
2020-04-20	PA	9723	580	0	40470	278842	12508	0	1299014
2020-04-20	MP	0	0	0	0	98	14	77	455
2020-04-20	FL	5080	265	0	90233	210808	7037	0	2222151
2020-04-20	WI	1582	50	0	16483	37552	1830	0	427042
2020-04-20	MA	16819	1194	0	67425	345883	17691	0	1501675
2020-04-20	NJ	22382	1667	0	49718	716186	38646	0	1447200
2020-04-20	SC	1174	53	1638	10281	35712	1099	23117	323850
2020-04-20	UT	1023	13	865	31884	26464	263	8768	600245
2020-04-20	IA	2693	48	786	12330	32270	733	11461	225684
2020-04-20	GU	302	0	16	444	6846	42	869	9620
2020-04-20	CO	3698	257	64	17079	85053	4292	6386	378993
2020-04-20	IL	14375	633	0	79270	276323	12375	0	1326488
2020-04-20	RI	2618	78	185	15419	46572	1417	2644	319670
2020-04-20	NH	491	18	258	5578	12064	374	4302	120779
2020-04-20	VI	5	1	3	155	392	24	347	5056
2020-04-20	AZ	1652	86	263	12043	42046	1803	9161	425026
2020-04-20	VT	39	9	0	2190	5842	299	0	95604
2020-04-20	NM	854	46	163	19573	17400	594	4028	329287
2020-04-20	NY	45383	3855	11666	192234	1938479	145055	321563	5154896
2020-04-20	GA	4782	214	0	42841	149681	6192	0	759856
2020-04-20	MD	5824	363	346	33579	117683	5626	7664	605744
2020-04-20	KS	1377	25	0	8406	19569	812	0	162803
2020-04-20	NC	2271	144	0	30436	56244	1926	0	693515
2020-04-20	TN	2745	28	1145	53713	59877	1217	30117	920872
2020-04-20	KY	1096	61	337	15902	26018	1389	9439	285061
2020-04-20	ID	181	10	398	2579	12975	383	5747	133599
2020-04-20	HI	22	6	74	4835	4147	93	3192	188590
2020-04-20	NV	878	56	0	6466	30509	1379	0	252091
2020-04-20	WV	170	11	165	20884	7016	222	2828	221383
2020-04-20	TX	5839	168	5464	100123	159716	4148	62927	1719161
2020-04-20	WA	1703	110	0	28379	92461	5098	0	1249843
2020-04-20	ND	315	6	161	7687	5392	109	1983	126856
2020-04-20	CA	11346	577	0	262909	285808	11116	0	3327225
2020-04-20	AL	1461	64	0	28097	41968	1453	0	421514
2020-04-20	MT	16	2	109	1982	3104	96	2230	85218
2020-04-20	MN	1346	143	497	16646	22279	1562	9409	415096
2020-04-20	WY	94	5	109	781	3314	47	2084	55328
2020-04-20	AK	22	0	57	4258	2387	63	1433	110012
2020-04-20	MS	1582	60	0	12028	37920	1463	0	400465
2020-04-20	OH	3406	244	0	29178	105580	4705	0	752180
2020-04-20	PR	136	42	0	1009	8402	486	0	86093
2020-04-20	CT	6182	681	0	17005	165698	12169	0	516869
2020-04-20	DC	896	78	24	3946	25521	1137	4572	120636
2020-04-20	LA	2588	412	2376	10878	182682	11368	91938	977940
2020-04-20	AS	0	0	0	0	0	0	0	140
2020-04-20	ME	148	16	135	2856	6725	317	3482	121505
2020-04-20	DE	1666	70	501	5274	27063	879	5226	127517
2020-04-20	NE	1841	21	0	6683	17727	336	0	132587
2020-04-27	MN	3418	142	2228	30222	39816	2576	15457	594005
2020-04-27	PR	487	13	0	-1486	11411	647	0	80426
2020-04-27	MI	5539	729	7317	66799	294598	27094	80345	1577060
2020-04-27	PA	9264	934	0	42168	345644	18252	0	1594391
2020-04-27	HI	12	1	56	4856	4260	114	3657	219336
2020-04-27	CT	3976	544	0	22682	198090	16281	17384	690196
2020-04-27	NJ	17081	1866	14960	50092	848692	51501	109494	1798380
2020-04-27	NH	650	26	238	7120	16055	535	6798	165974
2020-04-27	FL	4759	311	0	87889	242840	9105	0	2820000
2020-04-27	VT	47	6	0	2114	6154	343	0	110275
2020-04-27	IL	17957	681	0	105519	391274	17059	0	2005767
2020-04-27	NE	2636	24	0	11391	33800	495	0	194306
2020-04-27	DE	1153	68	720	5087	36622	1387	9849	163246
2020-04-27	NM	1205	52	182	21362	24724	922	5294	477541
2020-04-27	ND	283	6	190	12320	7767	154	3353	205898
2020-04-27	AL	1573	70	0	29120	51648	1941	0	623231
2020-04-27	NV	919	47	85	7353	36538	1744	989	302550
2020-04-27	AS	0	0	0	63	0	0	0	314
2020-04-27	NC	2836	123	0	36519	75997	2827	0	922809
2020-04-27	NY	27366	2521	8199	181215	2192865	166920	391309	6497841
2020-04-27	MT	7	2	52	2055	3170	111	2739	99566
2020-04-27	DC	1328	74	7	5444	33392	1673	4651	153673
2020-04-27	MS	1783	81	1008	16215	49806	1935	21486	500139
2020-04-27	OH	4149	303	0	35138	130565	6828	0	977791
2020-04-27	VI	7	0	0	266	458	28	357	6702
2020-04-27	OK	764	41	515	10677	26116	1587	17318	439219
2020-04-27	MP	0	0	1	1270	98	14	84	5269
2020-04-27	GU	5	0	-3	1823	7811	42	903	18524
2020-04-27	OR	405	17	0	12259	17994	734	1720	405525
2020-04-27	MO	1605	91	0	20345	55519	2489	0	570945
2020-04-27	GA	5121	247	0	56156	183010	7939	0	1134430
2020-04-27	WA	2089	75	0	29257	105976	5767	0	1457086
2020-04-27	WV	147	13	156	10200	8090	319	3879	331534
2020-04-27	AK	20	1	45	5170	2548	68	1760	146543
2020-04-27	MA	12625	1087	0	79381	448520	25776	0	2023309
2020-04-27	KY	1224	51	381	9935	33974	1729	11877	385630
2020-04-27	SC	1144	106	-79	13427	43841	1749	23822	412245
2020-04-27	SD	421	10	514	2338	17548	125	11531	123057
2020-04-27	AZ	2203	85	214	18710	55683	2332	10746	527285
2020-04-27	AR	400	29	1029	13985	23197	469	11675	343089
2020-04-27	RI	1944	108	149	14909	62174	1992	3500	426450
2020-04-27	ME	182	6	171	2944	7856	381	4603	141916
2020-04-27	CO	2995	144	500	19816	109231	5610	17261	519184
2020-04-27	VA	5958	226	704	31550	117940	4107	15612	693210
2020-04-27	TN	3544	32	1361	57041	81046	1428	38558	1306561
2020-04-27	WY	76	0	49	2287	3966	49	2618	67675
2020-04-27	ID	189	6	284	9783	14213	438	8171	195609
2020-04-27	WI	2155	59	621	21555	50837	2264	18098	567018
2020-04-27	UT	1090	9	701	24466	33825	331	14260	793843
2020-04-27	MD	6935	372	432	32019	163171	8274	10556	849367
2020-04-27	IA	3835	61	1465	19011	55760	1163	20155	326115
2020-04-27	CA	11125	497	0	194465	363420	14794	0	4611497
2020-04-27	KS	1978	28	25	11436	31652	964	1681	232531
2020-04-27	IN	4718	332	0	28821	131983	8085	0	699665
2020-04-27	TX	7035	221	4920	116881	204943	5618	98293	2475855
2020-04-27	LA	2635	324	3013	33942	200142	13590	124134	1167185
2020-05-04	SC	1035	63	498	20269	51262	2244	27430	546054
2020-05-04	MO	1249	125	0	24169	66733	3273	0	748220
2020-05-04	MA	9375	1018	0	70460	524348	32813	0	2550297
2020-05-04	NC	3198	117	0	49426	96615	3718	9115	1240585
2020-05-04	NV	525	46	-2	13918	41527	2080	1383	376864
2020-05-04	ID	155	5	206	2335	15391	470	9944	219103
2020-05-04	KS	1776	20	85	15506	45640	1172	2366	331283
2020-05-04	WY	73	0	52	1611	4498	49	2982	83170
2020-05-04	GU	2	0	-1	598	7834	42	864	26186
2020-05-04	VA	5578	166	726	38278	156771	5523	20654	914779
2020-05-04	IL	15283	807	0	109278	511336	22489	0	2775043
2020-05-04	KY	1340	58	416	28514	43904	2119	15134	541361
2020-05-04	DC	1163	72	219	6721	42262	2164	5984	197019
2020-05-04	CA	13181	523	0	244023	451121	18396	0	6167215
2020-05-04	LA	2135	244	2292	39899	217238	15578	144504	1434945
2020-05-04	GA	4098	192	0	67963	216409	9479	0	1580049
2020-05-04	MS	1797	125	1847	16208	62960	2807	32794	581777
2020-05-04	MT	3	0	19	7484	3201	112	2931	141773
2020-05-04	NY	17910	2215	-587	197341	2346242	183933	399021	7837696
2020-05-04	OH	4311	301	0	55375	160262	8966	0	1302101
2020-05-04	TN	2140	32	1957	61834	100834	1671	49649	1713763
2020-05-04	AR	574	14	1133	14588	26379	619	17517	437713
2020-05-04	VI	3	2	9	169	476	31	392	7940
2020-05-04	AL	2052	105	0	26327	65280	2596	0	833928
2020-05-04	SD	947	13	357	5865	22072	217	14428	151269
2020-05-04	OK	569	36	559	32144	30774	1842	21387	626880
2020-05-04	AS	0	0	0	22	0	0	0	603
2020-05-04	MP	5	0	0	1360	110	14	84	15098
2020-05-04	OR	527	21	265	14149	21486	857	7610	504284
2020-05-04	ND	293	11	306	12260	9858	226	4856	294237
2020-05-04	PA	7565	966	0	43268	401861	25347	0	1890917
2020-05-04	IN	4279	276	0	33391	164277	10102	0	913643
2020-05-04	MI	3530	449	7027	79817	322809	30826	130694	2092432
2020-05-04	RI	1798	89	240	14357	75160	2782	5152	528374
2020-05-04	FL	4085	336	0	116686	274991	11443	0	3589114
2020-05-04	HI	11	0	17	3817	4333	119	3900	252572
2020-05-04	NJ	11676	1400	0	148066	947134	62227	109494	2214943
2020-05-04	WV	145	7	164	10230	9223	368	5134	414674
2020-05-04	NE	2452	21	0	12485	53369	640	0	283691
2020-05-04	AZ	2461	180	1220	31211	72942	3398	15144	710207
2020-05-04	DE	1405	62	903	10016	45997	1829	15859	216126
2020-05-04	PR	381	16	0	-8900	14706	739	0	24019
2020-05-04	AK	12	0	65	7129	2644	70	2127	186420
2020-05-04	MN	4564	163	3161	33052	69738	3709	37655	802641
2020-05-04	WI	2182	69	1203	29902	66848	2680	32758	755486
2020-05-04	UT	1038	18	839	25924	41415	438	19420	971337
2020-05-04	MD	6974	366	603	27785	213362	10837	14533	1065641
2020-05-04	NM	1039	52	453	24521	32302	1283	7746	632500
2020-05-04	TX	7537	216	5623	115885	256388	7068	134926	3274309
2020-05-04	CT	3792	452	1067	30015	226114	19929	35757	843074
2020-05-04	IA	2670	83	1763	20631	79034	1688	31740	483870
2020-05-04	WA	2125	111	0	28425	121353	6383	0	1660649
2020-05-04	ME	257	8	152	2803	9490	441	5720	161588
2020-05-04	VT	24	1	770	2929	6423	369	4467	127348
2020-05-04	NH	572	47	212	8030	20409	835	8066	216827
2020-05-04	CO	2994	137	426	25700	130614	6640	20355	666502
2020-05-11	NY	14011	1299	3318	234906	2453127	194525	421790	9352495
2020-05-11	NH	492	39	39	11215	24188	1117	8728	292351
2020-05-11	AR	770	6	496	16209	31379	684	23814	553074
2020-05-11	IL	17655	777	0	160816	630458	28056	0	3758523
2020-05-11	GA	4186	204	0	113001	245084	10829	0	2160371
2020-05-11	IN	3763	225	0	37224	190863	11791	0	1162793
2020-05-11	WV	132	11	144	12566	10131	443	6083	496316
2020-05-11	MT	11	0	11	5595	3257	112	3013	177997
2020-05-11	UT	1020	12	1002	23437	48458	540	26112	1145156
2020-05-11	AL	1922	86	0	27679	79169	3303	0	1024605
2020-05-11	NJ	8094	1125	7854	79636	1008374	70334	132302	3257536
2020-05-11	NM	1027	62	470	30755	39622	1739	10990	837917
2020-05-11	TX	8824	247	6658	173074	315976	8767	178676	4234043
2020-05-11	KS	1278	16	89	12881	55142	1293	3014	421131
2020-05-11	AS	0	0	0	0	0	0	0	735
2020-05-11	VT	14	1	30	4767	6535	373	5593	155813
2020-05-11	ID	194	5	139	4530	16655	503	10986	243364
2020-05-11	WI	2304	50	1610	39005	82315	3083	43158	994165
2020-05-11	TN	2344	48	1848	64151	117905	1988	64188	2171723
2020-05-11	NV	907	52	172	21748	46934	2399	1798	508510
2020-05-11	WY	97	3	55	5020	5041	53	3413	112134
2020-05-11	FL	5460	262	0	115621	308458	13325	0	4359504
2020-05-11	AZ	2790	144	718	40009	91493	4476	22484	981953
2020-05-11	ND	413	8	373	9547	12370	289	7432	364007
2020-05-11	NE	2050	33	0	21262	68174	837	0	401343
2020-05-11	DE	1145	63	926	10602	54863	2288	22424	290415
2020-05-11	KY	1331	29	460	42762	52687	2397	18517	840435
2020-05-11	NC	4052	113	2522	59890	120702	4538	66327	1606801
2020-05-11	VI	0	0	1	177	483	42	427	9163
2020-05-11	AK	16	1	17	7001	2744	76	2387	235586
2020-05-11	DC	949	64	154	8324	49060	2626	6964	248253
2020-05-11	SD	413	10	597	4467	27047	297	17868	190708
2020-05-11	OR	401	8	281	19709	24717	950	9561	619019
2020-05-11	MP	2	0	0	725	139	14	84	22661
2020-05-11	PA	6119	714	0	51751	448586	30312	0	2231225
2020-05-11	MA	8590	754	0	74471	583427	38894	0	3049682
2020-05-11	RI	1345	76	171	13081	85587	3347	6502	622482
2020-05-11	MI	4327	331	5548	102630	349047	33686	175446	2765181
2020-05-11	GU	3	0	2	734	7855	42	874	31093
2020-05-11	MN	4574	149	3819	47510	100110	4796	63561	1094058
2020-05-11	MD	6399	340	519	36726	259112	13314	18543	1290964
2020-05-11	CT	4351	441	851	45171	252975	22866	42146	1099878
2020-05-11	SC	1150	45	956	47102	58972	2624	38852	760092
2020-05-11	MO	1200	97	0	35718	74638	4022	0	943939
2020-05-11	IA	2582	84	2075	25356	97859	2301	45769	649556
2020-05-11	VA	6070	164	834	45707	200242	6775	26446	1237148
2020-05-11	ME	251	6	181	251	11208	480	6900	165852
2020-05-11	OK	785	14	767	27568	35576	1989	26379	806044
2020-05-11	OH	3670	300	0	61319	188159	10926	0	1706132
2020-05-11	CO	2381	238	270	19705	148252	7943	22723	828339
2020-05-11	WA	1584	63	0	31913	133472	6999	0	1864244
2020-05-11	HI	7	0	12	4362	4395	119	3961	278563
2020-05-11	LA	2951	255	3641	48918	235815	17126	161897	1761353
2020-05-11	MS	1758	93	1413	19882	75133	3454	45289	747258
2020-05-11	CA	12429	502	0	300775	537572	22013	0	8044560
2020-05-11	PR	454	11	0	454	17542	837	0	17542
2020-05-18	ME	361	7	237	13719	13527	527	8310	248319
2020-05-18	AK	12	0	16	8002	2844	77	2489	294462
2020-05-18	MN	4952	150	4052	53866	133700	5841	91367	1456290
2020-05-18	WI	2924	55	2421	52019	101092	3462	58367	1312634
2020-05-18	MD	7872	279	512	48071	312571	15392	22134	1594389
2020-05-18	TX	7278	180	6921	141388	372780	10260	222218	5313554
2020-05-18	VT	22	0	28	5178	6662	378	5824	187233
2020-05-18	IL	15470	655	0	166323	738605	32933	0	4873282
2020-05-18	OR	262	10	-30	16543	26972	1019	9722	751192
2020-05-18	CO	2082	109	320	21813	164168	9182	24939	986317
2020-05-18	NH	545	38	936	16741	27973	1402	12297	398853
2020-05-18	VA	6587	194	1038	62408	243860	7888	33829	1597673
2020-05-18	UT	1137	18	1035	22446	56353	655	33239	1308363
2020-05-18	AZ	2391	120	634	31309	109326	5394	27656	1226498
2020-05-18	WY	77	2	77	3304	5636	81	3799	135411
2020-05-18	WA	1509	56	0	29470	143898	7409	0	2098583
2020-05-18	RI	1270	102	107	10651	95696	4018	7528	708486
2020-05-18	NE	1729	23	0	18231	81524	1032	0	545097
2020-05-18	PR	550	5	0	41038	21163	884	0	223603
2020-05-18	HI	3	0	18	8326	4432	119	4074	335225
2020-05-18	PA	5680	599	3144	62505	490226	34813	158824	2634968
2020-05-18	AS	0	0	0	19	0	0	0	868
2020-05-18	DE	788	40	1148	8321	61684	2623	29896	356424
2020-05-18	NJ	7053	709	1757	118228	1065953	76519	171384	3957452
2020-05-18	IN	3592	219	0	42339	217540	13466	0	1458609
2020-05-18	MI	2963	325	4934	103030	376394	36055	212440	3485888
2020-05-18	FL	5304	255	0	231465	345225	15197	0	5782107
2020-05-18	NM	930	50	709	40228	46391	2100	14674	1080960
2020-05-18	ND	526	10	332	9789	15875	356	9814	437026
2020-05-18	MO	1071	85	0	6047	82665	4692	0	1108440
2020-05-18	MA	6219	554	0	71362	635476	43472	0	3573943
2020-05-18	IA	2673	105	2053	29567	115804	2984	62192	839623
2020-05-18	MP	1	0	1	1337	152	14	91	29873
2020-05-18	TN	2766	38	3187	58791	135583	2229	86164	2582442
2020-05-18	SD	559	6	631	6238	30412	339	22471	227459
2020-05-18	DC	900	40	40	2681	55867	2976	7504	286957
2020-05-18	OH	4022	330	0	58485	215149	13121	0	2145389
2020-05-18	NY	11347	836	2599	299892	2540012	201526	441542	11220759
2020-05-18	MT	9	0	7	5515	3344	112	3081	220772
2020-05-18	CA	15074	486	0	351430	633970	25616	0	10349489
2020-05-18	AR	1216	17	604	26383	38722	780	27961	715532
2020-05-18	MS	2026	107	1720	28150	88232	4176	55487	918422
2020-05-18	LA	3084	127	2451	61150	256649	18550	186194	2142613
2020-05-18	GA	4780	196	0	149256	276890	12263	0	3065112
2020-05-18	VI	0	0	0	65	483	42	427	10030
2020-05-18	NC	4876	96	3317	88935	152537	5234	84776	2147408
2020-05-18	NV	900	32	4	32899	53019	2701	2425	705108
2020-05-18	KY	858	49	334	40171	60257	2742	20852	1144055
2020-05-18	AL	2900	77	0	33192	96125	3762	31804	1229313
2020-05-18	CT	2757	293	863	44047	277658	25330	47300	1419242
2020-05-18	WV	280	5	216	10290	11671	497	7204	582675
2020-05-18	KS	833	11	28	14409	62514	1390	3359	520097
2020-05-18	ID	209	5	143	4734	18051	547	11970	278540
2020-05-18	OK	692	25	706	37473	40637	2139	31342	1069196
2020-05-18	SC	1236	49	987	34461	67417	2941	39645	1047264
2020-05-18	GU	12	0	12	846	7929	42	911	36639
2020-05-25	AK	76	2	7	11292	3114	84	2563	359015
2020-05-25	NM	774	42	389	26123	52352	2402	18824	1303406
2020-05-25	PR	613	7	0	20547	25221	926	0	408307
2020-05-25	VI	1	0	1	358	486	42	428	11737
2020-05-25	SC	1970	60	396	38668	78361	3346	44142	1313346
2020-05-25	DE	582	40	660	8785	66368	2934	35648	415816
2020-05-25	OR	354	6	788	17760	28960	1058	14005	862472
2020-05-25	NY	8895	628	1830	374328	2609703	206630	456971	13589574
2020-05-25	UT	1505	15	1033	21644	64973	757	40664	1450711
2020-05-25	CT	1867	222	384	39664	292875	27086	50273	1689520
2020-05-25	RI	926	112	162	10314	102430	4808	8483	776721
2020-05-25	TX	8909	151	8046	164991	426768	11323	278803	6458804
2020-05-25	OH	3507	219	0	67732	241457	14785	0	2589948
2020-05-25	DC	552	30	57	5646	60697	3224	7732	317145
2020-05-25	WV	246	3	178	11770	13687	522	8729	651571
2020-05-25	PA	4378	415	7517	59215	524645	37995	319853	3059792
2020-05-25	TN	2709	27	2491	52274	155032	2481	102914	2962606
2020-05-25	NJ	5826	577	1450	171803	1110022	80515	182388	4985538
2020-05-25	CO	2307	125	253	36068	179057	9950	26761	1190257
2020-05-25	AZ	3562	112	665	40288	129587	6107	31948	1470047
2020-05-25	OK	483	21	797	32240	44471	2297	36972	1287980
2020-05-25	VA	7671	184	754	65974	297141	9350	39226	2078765
2020-05-25	NV	742	24	100	32052	58679	2879	2924	945407
2020-05-25	CA	18626	479	0	368481	751768	28749	0	12905353
2020-05-25	SD	448	12	488	10378	34009	403	26134	287479
2020-05-25	NE	1991	28	0	17933	94858	1213	0	670061
2020-05-25	MN	3894	170	4625	56296	165219	6979	121422	1859646
2020-05-25	WI	2910	83	2631	63385	122706	3954	75337	1751042
2020-05-25	AR	1414	16	1152	21614	47481	895	33764	855287
2020-05-25	VT	21	1	37	5657	6828	383	6029	226422
2020-05-25	MO	1227	92	0	42323	90763	5210	0	1253435
2020-05-25	GU	9	0	7	747	7990	42	1002	41946
2020-05-25	ND	171	10	527	6951	17636	426	13118	488223
2020-05-25	MP	0	0	3	1577	154	14	98	39762
2020-05-25	IN	3195	158	520	39645	240559	14613	43928	1740919
2020-05-25	KY	1251	42	130	46190	67660	3012	22226	1393326
2020-05-25	WY	67	5	92	4758	6188	106	4455	163056
2020-05-25	IA	2161	98	2063	26366	132882	3637	74525	1030583
2020-05-25	FL	5084	208	0	132337	381032	16706	0	6855181
2020-05-25	MS	2294	104	1802	32337	103419	4921	67609	1132779
2020-05-25	MI	3619	285	4931	107280	395755	37857	246969	4199322
2020-05-25	HI	9	0	17	-1884	4468	119	4208	363357
2020-05-25	MA	7534	619	0	62872	672391	47027	390540	4010498
2020-05-25	NC	5371	143	3906	77218	187141	6100	108584	2725264
2020-05-25	MT	40	1	20	6975	3477	119	3143	264538
2020-05-25	WA	2007	57	0	35102	156535	7818	0	2315792
2020-05-25	MD	6281	250	453	59153	359450	17212	24969	1980475
2020-05-25	ME	275	11	296	12109	15617	596	10178	323359
2020-05-25	KS	831	16	54	13842	67972	1466	3749	630463
2020-05-25	NH	488	35	744	11017	31279	1639	19095	477515
2020-05-25	AS	0	0	0	50	0	0	0	1168
2020-05-25	GA	4343	237	0	-41914	307174	13715	0	3242612
2020-05-25	IL	9418	546	0	148709	823564	36863	0	5966132
2020-05-25	ID	244	4	493	5291	19607	574	14956	311877
2020-05-25	AL	3548	80	1404	33208	119088	4258	62677	1452194
2020-05-25	LA	2536	111	3028	56472	274915	19306	203928	2530025
2020-06-01	OH	2853	198	0	78752	263606	16402	0	3123827
2020-06-01	AL	2391	72	2040	36468	137549	4734	77725	1695369
2020-06-01	MS	2016	98	2153	31958	117743	5611	80574	1346927
2020-06-01	MP	6	0	3	908	180	14	118	47682
2020-06-01	AR	2297	22	1023	27351	61228	1044	41868	1043424
2020-06-01	OK	633	14	503	28530	48825	2412	40734	1506054
2020-06-01	GA	4238	119	0	77744	336891	14892	0	3573234
2020-06-01	ID	289	0	213	9344	21579	581	16551	367825
2020-06-01	WI	2605	53	2404	82351	141877	4433	92720	2270610
2020-06-01	NY	7071	473	1577	442119	2666373	210387	469004	16540993
2020-06-01	TN	3975	56	1999	64270	181082	2814	117712	3394177
2020-06-01	GU	5	0	18	1413	8033	42	1110	50131
2020-06-01	AK	86	0	16	11094	3757	91	2648	443024
2020-06-01	WA	2321	35	0	36980	171353	8088	0	2559340
2020-06-01	MD	4989	224	458	62773	400061	18873	28624	2421866
2020-06-01	RI	651	79	109	9908	107621	5345	9337	850526
2020-06-01	ME	239	10	305	12012	17405	678	12481	399247
2020-06-01	CO	1606	85	172	31108	192757	10601	28205	1424113
2020-06-01	VA	5853	85	658	58827	340861	10142	44329	2525954
2020-06-01	MA	2821	318	6513	53836	717569	50631	579321	4441258
2020-06-01	SC	2652	57	888	39973	94526	3730	50316	1619116
2020-06-01	PR	1173	6	0	29436	32032	985	0	539775
2020-06-01	HI	22	0	9	6660	4571	119	4287	363862
2020-06-01	MI	6476	391	3942	93927	434351	40307	278519	4917769
2020-06-01	IA	2322	65	1588	34541	148100	4156	87272	1250261
2020-06-01	PA	3698	433	5242	65621	552462	41216	361741	3498133
2020-06-01	WY	50	0	106	4827	6527	119	5137	194204
2020-06-01	MN	3017	148	4216	73276	188318	8050	153806	2319498
2020-06-01	SD	437	3	500	12158	37027	448	29427	371830
2020-06-01	CA	18644	392	0	418607	883346	31774	0	15725727
2020-06-01	OR	624	10	73	18261	32205	1127	15487	997873
2020-06-01	MT	29	1	14	10935	3757	123	3285	321914
2020-06-01	MO	1636	46	0	41753	101446	5698	0	1568370
2020-06-01	CT	1352	120	-227	52305	304647	28216	51442	2042105
2020-06-01	LA	2711	143	2176	55232	294561	20305	224272	2931928
2020-06-01	DC	588	25	6	9451	64799	3385	7981	373662
2020-06-01	KY	1551	42	127	36811	77057	3302	23224	1688793
2020-06-01	NE	1407	13	1712	17742	106902	1350	46013	802184
2020-06-01	WV	133	8	155	15510	14795	571	9931	754013
2020-06-01	TX	10736	158	6420	161131	500519	12472	333450	7559859
2020-06-01	AZ	7638	134	770	60011	170884	7088	37068	1837326
2020-06-01	NM	1262	38	454	34771	59991	2700	21775	1528867
2020-06-01	ND	255	11	258	6879	19354	505	15658	539739
2020-06-01	IN	2869	174	3384	43607	262051	15804	169304	2037902
2020-06-01	AS	0	0	0	0	0	0	0	1218
2020-06-01	FL	8074	252	0	194014	429426	18456	0	8005802
2020-06-01	NC	7213	118	4793	98205	233811	7000	136813	3363322
2020-06-01	NV	1114	22	63	33220	65214	3031	3565	1163347
2020-06-01	NJ	3579	493	1238	179489	1142033	84165	191893	6286679
2020-06-01	IL	7877	684	0	141324	883853	40817	0	7001259
2020-06-01	VT	92	0	15	7472	7215	385	6194	274864
2020-06-01	NH	394	41	444	11435	34514	1927	22399	564935
2020-06-01	UT	2352	11	1004	24787	79325	833	47538	1621475
2020-06-01	VI	1	0	0	387	496	42	434	14752
2020-06-01	DE	386	22	438	6753	69733	3116	39407	473255
2020-06-01	KS	621	20	78	24268	73039	1622	4200	779886
2020-06-08	CO	1115	62	105	31601	201657	11106	29119	1642885
2020-06-08	WY	119	1	61	2632	7175	125	5722	223432
2020-06-08	OR	904	16	159	26257	37784	1214	16553	1158865
2020-06-08	ND	221	2	347	7596	21098	536	17991	589807
2020-06-08	IN	2869	117	3136	46326	280968	16738	193635	2342863
2020-06-08	RI	451	52	84	10377	111243	5793	10002	916946
2020-06-08	NM	783	40	807	29290	66438	2967	27037	1759242
2020-06-08	MO	1553	63	0	38480	112516	6147	0	1846725
2020-06-08	LA	4121	74	3113	76123	317973	20944	240441	3395435
2020-06-08	CT	1143	120	327	48578	312993	29113	52623	2387020
2020-06-08	AK	103	1	33	9519	4479	93	2814	507940
2020-06-08	DE	393	16	381	15341	72482	3249	42350	555291
2020-06-08	TX	13492	147	9331	201087	585246	13513	386908	8813869
2020-06-08	UT	2379	19	1125	30039	95799	946	55404	1813507
2020-06-08	SD	457	10	558	8576	40193	509	33163	440820
2020-06-08	WA	1984	55	0	62264	186116	8428	0	2936231
2020-06-08	MN	2489	127	2952	62010	208036	9058	177113	2813254
2020-06-08	MA	2064	293	4104	59962	734459	52738	612867	4844066
2020-06-08	VA	3635	75	673	95293	373034	10703	48939	3057494
2020-06-08	PR	844	5	0	25439	38793	1015	0	757968
2020-06-08	NJ	2606	462	878	140994	1162711	87502	199267	7376534
2020-06-08	HI	60	0	12	6327	4868	119	4368	408655
2020-06-08	IL	4704	401	0	150876	926513	44942	0	8023770
2020-06-08	NE	1108	30	1666	16348	114970	1514	65242	914536
2020-06-08	MI	1391	109	2923	84873	460647	41945	303056	5505912
2020-06-08	SC	4581	45	1335	10896	120730	4125	58512	1712429
2020-06-08	OK	1211	11	614	29201	55039	2501	44594	1707258
2020-06-08	ME	222	2	298	9326	18991	701	14696	467883
2020-06-08	IA	1999	38	1597	33766	163423	4522	98556	1495265
2020-06-08	PA	3255	300	4879	65080	576872	43475	395754	3952804
2020-06-08	FL	12422	226	0	195777	499801	20078	0	9397897
2020-06-08	CA	21375	441	0	436992	1027427	34839	0	18681519
2020-06-08	NH	266	34	649	13321	36732	2176	25932	646844
2020-06-08	WI	4369	53	2595	72288	170533	4835	110339	2811228
2020-06-08	DC	344	25	12	9974	67873	3568	8027	439971
2020-06-08	GU	6	0	6	1029	8066	42	1168	59009
2020-06-08	GA	5510	281	0	81121	372324	16547	0	4155303
2020-06-08	AL	5347	56	2113	42683	166454	5317	92443	1999388
2020-06-08	NV	1501	24	114	36431	74937	3209	4168	1395538
2020-06-08	NC	8676	115	5566	118366	289267	7837	171137	4135034
2020-06-08	NY	5128	406	1164	435314	2705602	213442	478633	19602489
2020-06-08	MD	3629	171	327	49605	428658	20242	31072	2800364
2020-06-08	VI	2	0	2	181	506	42	447	16163
2020-06-08	OH	2739	169	0	80350	282737	17560	0	3670861
2020-06-08	KY	1162	37	57	42994	86520	3608	23732	1981561
2020-06-08	AS	0	0	0	0	0	0	0	1218
2020-06-08	VT	55	0	17	9759	7790	385	6345	339285
2020-06-08	MT	61	1	35	9345	4049	128	3478	398447
2020-06-08	WV	161	4	117	18348	15724	607	10755	868156
2020-06-08	AR	3177	27	1928	43551	80324	1211	53018	1287929
2020-06-08	KS	792	9	51	17453	77811	1698	4616	891411
2020-06-08	TN	3728	60	2499	117215	204963	3177	134635	4022051
2020-06-08	MP	2	0	0	927	210	14	133	54663
2020-06-08	MS	2031	58	1967	22291	132829	6139	95459	1508916
2020-06-08	AZ	9244	152	823	57176	230800	8049	42579	2236960
2020-06-08	ID	275	6	376	6939	23429	607	18825	426894
2020-06-15	NJ	2312	219	703	151316	1179123	89753	204438	8376939
2020-06-15	IL	4368	346	0	169530	957584	47433	0	9164842
2020-06-15	MS	2488	83	1919	22746	147168	6603	109180	1693301
2020-06-15	UT	3278	15	1483	26374	115916	1072	63833	2013019
2020-06-15	CO	1405	46	132	33687	210690	11474	29893	1870712
2020-06-15	SC	6320	57	2108	48323	158910	4440	72362	2012052
2020-06-15	NV	2259	24	17	27631	88002	3357	4530	1639959
2020-06-15	PR	674	2	0	674	43812	1033	0	836772
2020-06-15	AR	3166	45	2441	52201	102142	1483	67393	1630278
2020-06-15	OK	2316	10	1020	31654	67893	2566	50539	1918428
2020-06-15	VA	3579	68	433	79163	398039	11179	52742	3631473
2020-06-15	VI	3	0	0	210	522	42	448	17564
2020-06-15	HI	80	0	22	7237	5384	119	4483	458694
2020-06-15	MA	1520	227	2679	62832	746315	54522	634470	5266080
2020-06-15	ME	161	1	220	10033	20312	713	16311	539144
2020-06-15	MT	125	2	38	10368	4714	140	3808	475576
2020-06-15	NH	213	19	234	9989	38356	2341	29080	724982
2020-06-15	WA	2866	54	0	31369	203633	8783	0	3278598
2020-06-15	KS	1060	14	46	18051	84476	1775	4935	1019170
2020-06-15	WI	2319	48	2706	65500	188281	5143	128649	3287736
2020-06-15	RI	366	52	80	8348	114116	6211	10569	983218
2020-06-15	AZ	17762	150	1119	84533	328733	9140	49358	2747289
2020-06-15	DE	379	14	287	11539	75220	3344	44619	646377
2020-06-15	VT	33	1	14	6050	8008	390	6432	390665
2020-06-15	NE	1097	29	1655	18753	122737	1724	77360	1037162
2020-06-15	NY	4538	289	859	460889	2739121	215645	485365	22776731
2020-06-15	MD	2549	127	209	53617	449228	21216	32794	3177881
2020-06-15	WY	151	2	97	-5214	8126	134	6209	224202
2020-06-15	GA	7200	150	0	77530	415543	18001	0	4719672
2020-06-15	OR	1284	12	192	30492	46070	1310	17577	1350275
2020-06-15	AL	4182	67	2466	46436	201456	5725	109352	2303317
2020-06-15	GU	36	0	4	1646	8216	42	1201	67957
2020-06-15	DC	276	17	27	15176	69858	3716	8174	537857
2020-06-15	AK	100	0	74	17235	5159	98	3203	609441
2020-06-15	ND	215	6	269	9677	22598	566	19869	649442
2020-06-15	WV	249	2	96	19251	17217	619	11646	1019073
2020-06-15	KY	1210	25	118	26181	94901	3783	24491	2169983
2020-06-15	NM	849	29	570	29766	72100	3223	31047	1967010
2020-06-15	CT	547	59	231	42008	319027	29667	54432	2712466
2020-06-15	IN	2287	120	2995	63087	299437	17558	213850	2745174
2020-06-15	MP	0	0	0	0	210	14	133	57183
2020-06-15	TX	24297	209	10101	248848	726914	14875	456975	10337170
2020-06-15	MO	2021	85	0	37433	124789	6693	0	2117065
2020-06-15	SD	398	6	476	6934	43131	557	36870	496006
2020-06-15	LA	3068	99	2775	99339	344436	21583	261894	4047760
2020-06-15	FL	22891	235	0	187682	629751	21647	0	10778532
2020-06-15	TN	4310	48	3505	70127	234139	3552	155944	4658720
2020-06-15	CA	28958	441	0	543504	1198771	37842	0	22131329
2020-06-15	MI	1842	76	4326	93980	471178	42501	327726	6135610
2020-06-15	NC	8583	94	7702	118866	350021	8549	212235	4959295
2020-06-15	IA	2107	26	1615	31244	177051	4766	110005	1719340
2020-06-15	PA	2979	168	5556	74818	596900	44990	432251	4450529
2020-06-15	OH	3961	131	0	102433	305892	18609	0	4301543
2020-06-15	AS	0	0	0	0	0	0	0	1218
2020-06-15	MN	2535	81	2456	90215	224721	9702	195618	3323306
2020-06-15	ID	795	1	468	9988	27090	628	21692	487120
2020-06-22	TX	38130	211	12145	271992	960932	16251	533947	12173448
2020-06-22	SC	8943	61	2666	65425	213770	4890	90775	2375759
2020-06-22	IN	2661	71	2609	57603	316423	18187	232744	3166472
2020-06-22	IL	5270	226	0	192946	991592	49290	0	10425105
2020-06-22	AZ	19835	244	1598	81633	467292	10670	58974	3349791
2020-06-22	AR	4174	38	3273	46197	130240	1754	87162	1968841
2020-06-22	SD	390	10	381	6128	45809	615	39582	538382
2020-06-22	MA	1558	222	1753	62224	756835	55995	648593	5706678
2020-06-22	WA	3593	44	0	59505	227073	9128	0	3540229
2020-06-22	ID	1503	1	593	13377	35712	637	25834	573654
2020-06-22	TN	6133	60	3395	77101	270483	3949	179074	5167616
2020-06-22	IA	2657	25	1611	42213	194176	4912	120705	1981871
2020-06-22	KS	1992	16	72	21712	95056	1869	5347	1158725
2020-06-22	LA	6837	82	2433	86573	381128	22228	280977	4701869
2020-06-22	KY	1584	35	405	39409	105145	4000	26145	2431318
2020-06-22	CA	39375	418	0	650006	1447771	40865	0	26435441
2020-06-22	NH	202	28	160	9436	39702	2513	30562	794438
2020-06-22	AL	6721	88	2892	44183	238249	6325	129170	2624177
2020-06-22	OR	1394	15	112	28505	55359	1405	18504	1548832
2020-06-22	MO	3015	46	0	50032	143180	7089	0	2418533
2020-06-22	CT	580	57	211	62541	322736	30116	55949	3010223
2020-06-22	OK	2439	16	1939	43535	85585	2649	61495	2186898
2020-06-22	MP	0	0	0	48	210	14	133	57519
2020-06-22	WV	298	3	515	18451	19125	647	13710	1132855
2020-06-22	MD	2635	101	203	54588	466866	21971	34274	3541950
2020-06-22	OH	5509	114	0	114781	339985	19479	0	5048292
2020-06-22	GA	12111	132	0	115091	486887	18942	0	5423315
2020-06-22	MS	4281	81	2146	30273	173902	7171	122840	1894443
2020-06-22	AK	162	2	34	18079	6010	108	3608	734739
2020-06-22	NY	4427	209	725	410814	2771071	217460	489895	25787648
2020-06-22	MT	185	1	61	17438	5775	151	4115	559946
2020-06-22	VT	45	0	23	6386	8347	392	6577	433067
2020-06-22	NV	4396	15	36	28952	110346	3484	4747	1818748
2020-06-22	NC	9844	91	8617	128960	414448	9208	267064	5826457
2020-06-22	DC	233	14	88	14993	71555	3830	8413	634085
2020-06-22	VI	8	0	7	265	566	42	472	19486
2020-06-22	NM	1288	24	580	37617	79838	3406	35311	2197579
2020-06-22	ND	229	5	211	8238	24047	607	21627	708707
2020-06-22	FL	46124	274	0	295454	869400	23461	0	12434376
2020-06-22	WY	220	0	139	4464	9489	140	7129	216333
2020-06-22	NJ	3711	2097	641	136585	1203003	100645	208961	9409745
2020-06-22	NE	1107	18	1546	18764	129920	1876	87565	1164783
2020-06-22	DE	695	8	206	13356	78877	3416	46454	732674
2020-06-22	GU	33	0	6	2510	8483	42	1238	82442
2020-06-22	MN	2637	54	2160	79818	242656	10126	211403	3896941
2020-06-22	UT	3783	10	2342	34593	140839	1158	77924	2221792
2020-06-22	AS	0	0	0	522	0	0	0	3828
2020-06-22	CO	1806	31	131	36793	222050	11706	30847	2118211
2020-06-22	RI	305	43	73	9237	116526	6465	11150	1046823
2020-06-22	WI	3254	35	2674	63869	207815	5435	147480	3745104
2020-06-22	HI	80	1	68	8444	5937	122	4862	511753
2020-06-22	PR	686	4	0	80092	48809	1058	0	921175
2020-06-22	ME	248	3	214	12519	21747	724	17753	623299
2020-06-22	MI	2212	64	1809	111358	485916	42989	350457	6864893
2020-06-22	PA	3887	188	2965	85041	621976	46276	459716	5009345
2020-06-22	VA	3724	120	360	78212	424196	11877	55172	4229051
2020-06-29	WA	4481	49	0	78263	254921	9454	0	4082405
2020-06-29	WY	225	0	102	3471	11048	140	8022	243842
2020-06-29	DC	242	10	304	13082	73203	3900	10605	732481
2020-06-29	ME	204	4	164	16027	23483	745	19056	719886
2020-06-29	NC	11246	83	9780	165541	490590	9818	328546	6929664
2020-06-29	PR	1335	2	0	1335	54581	1078	0	1403383
2020-06-29	NV	4959	32	53	38464	145601	3678	5053	2060484
2020-06-29	AK	243	1	23	19235	7636	119	3768	860536
2020-06-29	ID	2452	3	-1012	20120	49677	653	24075	685971
2020-06-29	VI	32	0	8	373	731	42	527	21675
2020-06-29	IN	3190	74	2440	50073	336899	18712	250171	3535502
2020-06-29	UT	3835	22	2243	41937	168139	1257	93991	2500999
2020-06-29	VT	43	0	73	5360	8619	392	6869	477566
2020-06-29	NM	1525	22	596	44006	89545	3552	39337	2499314
2020-06-29	FL	60106	331	0	320969	1255685	25560	0	14631622
2020-06-29	MA	1369	103	0	57130	766940	56969	652099	6127483
2020-06-29	ND	310	1	187	7891	26077	622	22868	770755
2020-06-29	HI	128	1	58	7903	6694	130	5232	571568
2020-06-29	AR	3996	27	3768	42432	157947	1972	112842	2304039
2020-06-29	IL	5543	135	0	211013	1030211	50440	0	11892636
2020-06-29	WI	4215	19	3025	65765	234782	5605	167878	4216633
2020-06-29	NJ	2341	237	566	145225	1221727	106013	213314	10407122
2020-06-29	NE	988	13	1319	16468	137470	1986	98294	1294817
2020-06-29	RI	227	14	30	8645	118571	6705	11541	1105609
2020-06-29	DE	875	4	113	17827	84680	3455	46942	847024
2020-06-29	TX	47546	252	22447	352005	1275143	17905	658721	14501939
2020-06-29	AZ	26940	234	2657	106418	637224	12421	73841	4032883
2020-06-29	MT	330	1	69	14183	7822	158	4684	678825
2020-06-29	CO	1821	22	144	36090	234968	11899	31774	2377031
2020-06-29	LA	9246	97	801	109008	438721	22854	300381	5432356
2020-06-29	IA	2890	13	7270	34617	214203	5041	169614	2249922
2020-06-29	MN	2710	41	2682	86738	262439	10478	227720	4496902
2020-06-29	GU	46	0	0	2635	8756	42	1253	101038
2020-06-29	SD	389	6	245	4846	48657	669	42024	578101
2020-06-29	NH	154	15	249	6937	40945	2638	31775	852694
2020-06-29	OR	1904	11	146	32588	67288	1500	19326	1773728
2020-06-29	MI	3047	60	1742	129988	505420	43503	362919	7736654
2020-06-29	CT	614	18	157	63691	326859	30315	57156	3523474
2020-06-29	MO	3102	42	0	59339	164820	7394	0	2823539
2020-06-29	OK	3190	14	2845	38958	105408	2764	79900	2499116
2020-06-29	PA	4634	135	3367	80435	652723	47335	483749	5608255
2020-06-29	AL	7703	78	3216	61802	290676	6934	148142	3018033
2020-06-29	KY	1807	37	846	38901	115940	4235	31794	2721101
2020-06-29	WV	573	2	322	19326	22044	656	16673	1259390
2020-06-29	CA	53874	473	0	731661	1791045	43979	0	31234731
2020-06-29	MS	4689	55	2779	31166	206433	7682	138495	2114120
2020-06-29	KS	2514	12	65	25494	110548	1980	5847	1319973
2020-06-29	NY	4654	768	605	425218	2802561	222883	495454	28728486
2020-06-29	SC	11736	107	3538	70552	290164	5542	114389	2872236
2020-06-29	TN	10121	61	4058	127412	332339	4352	205728	5991344
2020-06-29	GA	16199	90	0	135836	592519	19596	0	6307869
2020-06-29	MD	2660	71	50	58048	485269	22555	35102	3936133
2020-06-29	OH	6910	109	1826	107030	385367	20290	199586	5799941
2020-06-29	MP	1	0	0	1	214	14	133	57523
2020-06-29	AS	0	0	0	0	0	0	0	4872
2020-06-29	VA	3913	113	786	78698	451077	12765	59752	4792062
2020-07-06	WV	871	2	307	19244	27724	669	19051	1401238
2020-07-06	UT	4629	26	3280	42493	198113	1450	113792	2790061
2020-07-06	VA	5540	115	521	99150	483128	13577	64089	5395322
2020-07-06	VT	50	0	74	6228	8939	392	7459	517180
2020-07-06	WI	5285	23	3428	75689	267731	5766	191081	4698366
2020-07-06	WY	228	1	200	4612	12619	147	9310	274313
2020-07-06	WA	5021	69	0	73299	287228	9919	0	4593119
2020-07-06	VI	101	0	17	1065	1190	42	608	26352
2020-07-06	MP	2	0	0	2549	223	14	133	72812
2020-07-06	LA	13500	127	3308	139781	520552	23635	321030	6311591
2020-07-06	AS	0	0	0	120	0	0	0	5592
2020-07-06	DC	377	7	200	23539	75564	3972	11974	866165
2020-07-06	OK	4383	25	3383	55631	133460	2904	101727	2857539
2020-07-06	KY	2663	35	559	41543	133095	4503	35938	3000453
2020-07-06	NC	12820	123	11806	168640	573223	10505	399032	8036514
2020-07-06	OH	8897	137	4381	143339	439931	21157	303053	6701864
2020-07-06	FL	75988	499	0	406113	1721147	28550	0	17070621
2020-07-06	CT	534	33	141	61467	330721	30444	58175	3940494
2020-07-06	NY	4624	164	603	436751	2834840	223985	499611	31765763
2020-07-06	AZ	22375	418	3418	84585	809986	14693	96734	4674727
2020-07-06	NV	5667	59	47	41712	182496	4041	5337	2347450
2020-07-06	MI	3951	99	1026	154064	530578	44042	372965	8730576
2020-07-06	ND	588	2	303	10296	29141	629	24576	834849
2020-07-06	NM	1784	33	462	43303	101636	3754	42831	2783742
2020-07-06	MA	1690	132	1190	66726	777769	57985	659239	6557089
2020-07-06	CA	58337	634	0	751012	2183003	48172	0	36373375
2020-07-06	DE	627	6	361	13081	89609	3493	48777	944580
2020-07-06	NJ	2002	331	532	151176	1236132	108241	217113	11407829
2020-07-06	MD	3627	79	201	64596	507870	23086	36060	4355755
2020-07-06	CO	2987	24	177	43710	252585	12026	32922	2650884
2020-07-06	NH	154	9	343	9631	41994	2720	34049	917627
2020-07-06	OR	2098	22	248	32991	80806	1632	20852	2006085
2020-07-06	ME	135	5	221	14412	24502	782	20478	824174
2020-07-06	MN	4204	31	3292	89296	286541	10717	249707	5075618
2020-07-06	MT	659	9	197	15769	11100	189	5730	779406
2020-07-06	HI	210	2	113	10112	7984	135	5838	633840
2020-07-06	AK	392	1	72	18057	9770	125	4115	996003
2020-07-06	TX	63756	580	32637	377393	1675039	20998	860028	17022892
2020-07-06	MS	5423	136	3765	28727	241701	8494	158934	2300049
2020-07-06	GU	11	0	23	1793	8948	42	1396	116749
2020-07-06	TN	12106	92	5976	149343	406856	4945	241198	6918537
2020-07-06	IA	3867	30	1543	41254	238153	5216	182801	2522046
2020-07-06	SD	419	12	480	7075	51619	731	44744	619035
2020-07-06	AL	10667	117	3701	64509	353508	7622	173079	3425506
2020-07-06	KS	3183	13	61	28956	130337	2064	6252	1503695
2020-07-06	ID	3309	8	293	20667	70343	700	21198	827312
2020-07-06	MO	4931	58	0	69032	194873	7725	0	3243173
2020-07-06	RI	496	24	34	11529	121024	6826	11790	1164885
2020-07-06	IL	6860	148	0	230164	1072932	51439	0	13390867
2020-07-06	PR	1425	12	0	64505	64488	1135	0	1728690
2020-07-06	AR	4686	31	4272	38006	187783	2191	141532	2569025
2020-07-06	GA	20922	143	0	149014	719435	20385	0	7301887
2020-07-06	PA	5191	157	3284	98150	688435	48373	505166	6263372
2020-07-06	IN	3767	64	2126	43817	361141	19214	266354	3851988
2020-07-06	SC	11788	145	3963	67244	368886	6448	141369	3325830
2020-07-06	NE	1392	12	1219	19919	145827	2056	107006	1410586
2020-07-13	MI	5132	53	1295	193362	563660	44485	380954	9969691
2020-07-13	MO	6263	38	0	76135	234247	8053	0	3772114
2020-07-13	CT	545	35	115	70816	334650	30735	59032	4429868
2020-07-13	DC	481	12	158	21795	78438	4037	13119	1019964
2020-07-13	MN	4337	43	3543	98421	315331	10989	272839	5749394
2020-07-13	TX	66945	785	41452	444894	2129361	25893	1130190	19912552
2020-07-13	MD	5127	57	114	97322	539312	23508	37080	4956952
2020-07-13	MA	1962	103	1043	85138	790498	58773	666687	7101847
2020-07-13	DE	701	4	223	16636	94427	3527	51090	1054970
2020-07-13	LA	15067	149	6954	149498	617130	24524	366062	7261900
2020-07-13	WA	6411	82	0	123334	329194	10483	0	5282350
2020-07-13	KY	3851	38	1532	52269	155957	4768	43710	3342888
2020-07-13	FL	77959	795	0	412928	2284409	33354	0	20118423
2020-07-13	KS	3279	17	96	30356	153217	2173	6781	1719513
2020-07-13	IN	5280	63	2408	65251	393889	19625	282160	4242186
2020-07-13	IL	8264	102	0	266158	1126359	52262	0	15154061
2020-07-13	GA	20851	141	0	165814	869764	21468	0	8423823
2020-07-13	ID	3849	21	970	20756	96474	810	25776	977959
2020-07-13	IA	3712	43	1360	41828	264265	5483	192880	2804388
2020-07-13	HI	149	2	153	10786	9178	154	6814	707804
2020-07-13	ME	153	3	151	15260	25422	808	21792	928901
2020-07-13	WY	284	3	280	4175	14452	164	10976	302592
2020-07-13	NC	13536	129	11583	203402	670476	11425	481451	9394109
2020-07-13	MS	7209	108	4383	46560	285108	9261	185907	2587771
2020-07-13	MP	4	0	10	325	257	14	193	75292
2020-07-13	OH	9315	125	6666	157161	505109	21854	344443	7794551
2020-07-13	AS	0	0	0	221	0	0	0	6817
2020-07-13	OK	4688	28	3935	55326	167886	3097	129264	3238259
2020-07-13	OR	2396	24	244	39332	97070	1789	22444	2266810
2020-07-13	AR	4988	40	4291	49842	222594	2437	171803	2859525
2020-07-13	VA	6733	63	777	106395	528012	14072	68577	6134239
2020-07-13	NV	8208	54	78	42228	232889	4442	5853	2640201
2020-07-13	PA	6120	121	3059	108439	727724	49298	529036	6978982
2020-07-13	RI	417	11	47	10382	124222	6925	11999	1249149
2020-07-13	AL	13346	167	3953	74184	441637	8734	204199	3938178
2020-07-13	SC	13277	192	1596	81215	461820	7611	164351	3864498
2020-07-13	SD	419	9	453	7276	54418	803	47646	669704
2020-07-13	TN	14329	100	8978	161206	503468	5621	296112	8030046
2020-07-13	AK	461	1	92	29150	12676	132	4828	1180123
2020-07-13	UT	4244	33	3776	51069	228555	1666	138620	3132401
2020-07-13	PR	2451	13	0	2451	78173	1225	0	1868535
2020-07-13	AZ	21403	545	3264	91097	963139	18182	120029	5323632
2020-07-13	NY	5072	128	586	439930	2870869	225044	503765	34903659
2020-07-13	VI	91	0	39	2676	1940	42	857	41557
2020-07-13	VT	59	0	43	7287	9330	392	7836	561202
2020-07-13	CO	3346	31	189	42804	274869	12248	34285	2964400
2020-07-13	MT	732	7	459	20347	16479	253	7245	907478
2020-07-13	WV	829	3	641	26755	33510	694	22510	1565121
2020-07-13	GU	7	0	33	1229	8985	42	1530	126704
2020-07-13	NM	1924	30	442	50858	114871	3953	46020	3116911
2020-07-13	NE	1403	15	1252	23237	156264	2145	115633	1583851
2020-07-13	ND	684	6	566	12100	33598	658	27523	910475
2020-07-13	WI	6151	27	4460	84008	309354	5910	218773	5272664
2020-07-13	NH	181	7	224	8512	43148	2768	36160	981737
2020-07-13	CA	63989	678	0	869956	2616622	52863	0	42296229
2020-07-13	NJ	1468	155	187	102489	1249596	109685	219771	12367871
2020-07-20	CO	3198	36	164	37575	212253	8910	25433	2324733
2020-07-20	DE	480	3	599	11657	70395	2542	39011	822826
2020-07-20	CT	721	7	50	50276	242103	22048	42480	3451275
2020-07-20	AK	490	1	103	28638	11428	97	3892	987744
2020-07-20	AZ	14735	493	2048	64086	768865	15405	98630	4138786
2020-07-20	FL	54117	705	0	284730	1956104	27494	0	16091605
2020-07-20	AR	4054	36	3430	28648	181390	1933	143791	2249269
2020-07-20	AL	9239	165	2774	47823	370518	6958	157002	3099991
2020-07-20	WV	679	3	649	21934	27726	512	19212	1243872
2020-07-20	DC	353	1	7675	15887	58246	2904	32786	827460
2020-07-20	CA	53132	664	0	633034	2162492	40864	0	33942886
2020-07-20	GA	18474	308	0	134059	717836	16527	0	6739357
2020-07-20	AS	0	0	0	0	0	0	0	5185
2020-07-20	ME	79	2	122	14151	18730	591	16186	738929
2020-07-20	GU	18	0	9	1461	6508	30	1209	96804
2020-07-20	NH	166	11	187	8912	31665	2023	26726	739321
2020-07-20	NJ	1841	61	613	85283	899645	78715	159618	9294323
2020-07-20	VI	44	1	101	1301	1690	34	930	38889
2020-07-20	NM	1573	29	392	35962	90771	2983	34870	2449524
2020-07-20	NV	5188	83	127	35100	199458	3549	4754	2069658
2020-07-20	NY	3877	92	403	351499	2071963	161289	362338	26859115
2020-07-20	OH	7016	108	5871	111910	401073	16304	277759	6228094
2020-07-20	OK	4648	44	4303	89601	140793	2392	112030	2605907
2020-07-20	OR	1585	22	203	33966	79122	1394	17353	1797125
2020-07-20	VA	5234	44	693	89983	406974	10295	52421	4869317
2020-07-20	PA	4623	91	3188	83417	546343	35690	392034	5441135
2020-07-20	PR	2079	21	0	52285	67958	945	0	1497406
2020-07-20	RI	320	7	31	6403	90644	4998	8787	941215
2020-07-20	SC	8563	301	6825	50174	383600	6690	139942	3094189
2020-07-20	SD	362	4	311	7259	40744	602	36022	512842
2020-07-20	TN	10515	115	7834	117207	421976	4533	256052	6453033
2020-07-20	UT	3097	29	2886	30735	181630	1343	115762	2436477
2020-07-20	NE	1565	9	887	17709	119080	1589	87869	1228314
2020-07-20	ND	610	6	452	8282	27437	505	22417	704343
2020-07-20	NC	10080	125	0	155154	536191	8755	393535	7603831
2020-07-20	MT	620	7	643	11973	14878	217	8415	730953
2020-07-20	HI	226	2	105	6834	7400	122	5527	547859
2020-07-20	IA	2543	28	1453	27719	204045	4094	144612	2173291
2020-07-20	ID	2540	27	1102	15552	84487	703	23844	785501
2020-07-20	IL	7117	93	0	191681	843487	37801	0	11954789
2020-07-20	IN	4423	70	2213	54614	305660	14368	211848	3334524
2020-07-20	KS	1920	15	61	16436	123367	1632	5270	1354837
2020-07-20	KY	3417	23	545	47429	129658	3533	35790	2627622
2020-07-20	WA	3935	71	0	74643	261606	7796	0	4277435
2020-07-20	WI	4981	45	4157	76322	249051	4416	177706	4146963
2020-07-20	LA	8844	143	8168	96802	505613	18394	299112	5850183
2020-07-20	MD	4366	51	90	76047	408188	17071	27116	3965917
2020-07-20	TX	45504	865	43639	262468	1800154	22622	1019396	16112819
2020-07-20	MI	3179	25	0	107857	422563	31977	275810	7905004
2020-07-20	MN	3184	26	2883	73286	244118	7998	212776	4534297
2020-07-20	MO	6266	60	0	47809	199159	6028	0	3005400
2020-07-20	MP	3	0	0	247	192	10	145	57853
2020-07-20	VT	36	0	43	4948	6890	280	5815	433779
2020-07-20	MS	7208	122	0	31911	241408	7191	151575	2035606
2020-07-20	MA	1479	77	1062	59602	573253	42410	481198	5396440
2020-07-20	WY	259	1	214	4155	11724	125	8956	233046
